Version,Version Code,Release Date,Notes,Link

version-e26630cb2d034418,445,25/08/2020,,https://drive.google.com/file/d/1d4AdcgmPpRiSHJfscaRX6B65XMRywGpo
version-20c74d621c01491d,447,09/09/2020,Was published thrice. 446 got skipped.,https://drive.google.com/file/d/1sf_VxF6a9nBcwcA4gtDvJbzMVjFVZC31
version-681f0759182e4c53,447,10/09/2020,,https://drive.google.com/file/d/1GVUsMrtujXdB-2hifIctVP0242NeetT0
version-20ceedbf82fe436d,448,15/09/2020,,https://drive.google.com/file/d/1Owt3yjr7XakUrN3qFcpFO2poLZp2oX9r
version-1163b7718c8d4d9b,449,22/09/2020,,https://drive.google.com/file/d/1YvrCEoZ8gm6vAc1SHaJaBO2ozgI3Zi5D
version-c5cfbf4dec374095,450,29/09/2020,,https://drive.google.com/file/d/1g1Om6tqczKLxZWezXMwqSZhHV2sVbJ5q
version-ec989baace01473e,451,06/10/2020,,https://drive.google.com/file/d/1nvLNSU8p3UrzXawZ_BE4Uy6j3HgxMyCB
version-eb3217af223c4d1a,453,20/10/2020,452 was skipped.,https://drive.google.com/file/d/1xsQ8MUEqQLE9H_DFRSFupZyWY6mSHpnd
version-96144aa2f2b84168,454,27/10/2020,,https://drive.google.com/file/d/1fnKFoY0y_A_1KYA9fF0VTqLqGIU7eHzI
version-7d448f4b41e849ff,455,04/11/2020,,https://drive.google.com/file/d/1oA-WdtBfMMI3-JaOGWJTfb9SYAAVt0Mg
version-d80a3b0ee14e4b90,456,10/11/2020,,https://drive.google.com/file/d/1g1Om6tqczKLxZWezXMwqSZhHV2sVbJ5q
version-f1c64822f44743c2,457,17/11/2020,,https://drive.google.com/file/d/1kYjEYqdLeir2-4H9hSqmMvWZ730KspB7
version-2819f76e03ec4e1d,458,01/12/2020,,https://drive.google.com/file/d/1BIh4aqo-NYbnQfV3zNeS9UQwNKZYz6nK
version-51c0add1dbaa4905,458,02/12/2020,Tiny error fix for version-2819f76e03ec4e1d.,https://drive.google.com/file/d/1oNCt_qcsxhk0A2cDx7Ctxmx3P1i4kwrL
version-fea7e94f4eac4c48,459,11/12/2020,,https://drive.google.com/file/d/1p_o2t3DE5YXn6pmUvuQiB4QjRfl7hmtA
version-a1633b45801a42ad,460,05/01/2021,,hhttps://drive.google.com/file/d/1YEKP2gJb_XQEZmBP1eC_6axPeEpUhtBq
version-6b1a58742faa443c,461,12/01/2021,,https://drive.google.com/file/d/1gOYhqt4NCzvfdPeUf6VB2S4Eqn9dnZVr
version-5672f352aa124e7c,462,19/01/2021,,https://drive.google.com/file/d/1gw24gGNwRNw453VBZpr-oDdpFxSUS9xt
version-07b64feec0bd47c1,463,26/01/2021,Last Publicly available RCCService version.,https://drive.google.com/file/d/1iDajDRQmwu5c4Ws86uEnhTV4o6_knZ7w

